TIMESTAMP,TRACK_ID,OBJECT_TYPE,X,Y,CITY_NAME
315966677.49994016,00000000-0000-0000-0000-000000000000,AV,579.2297293521984,1430.532298718515,MIA
315966677.49994016,00000000-0000-0000-0000-000000003664,OTHERS,580.804917119644,1389.0478397400573,MIA
315966677.49994016,00000000-0000-0000-0000-000000004543,OTHERS,593.2567171623392,1486.8581356820694,MIA
315966677.49994016,00000000-0000-0000-0000-000000004726,OTHERS,587.2446569928219,1388.899461345021,MIA
315966677.49994016,00000000-0000-0000-0000-000000004771,AGENT,586.4530649108189,1370.310031037651,MIA
315966677.49994016,00000000-0000-0000-0000-000000004787,OTHERS,586.2379697688808,1384.835502051474,MIA
315966677.49994016,00000000-0000-0000-0000-000000004510,OTHERS,592.8804359202101,1495.1616005107605,MIA
315966677.49994016,00000000-0000-0000-0000-000000004774,OTHERS,585.9380709726231,1382.0556746103778,MIA
315966677.49994016,00000000-0000-0000-0000-000000003405,OTHERS,578.6438771448858,1416.5338375771564,MIA
315966677.49994016,00000000-0000-0000-0000-000000004784,OTHERS,583.7295257680428,1374.9210003918402,MIA
315966677.6003273,00000000-0000-0000-0000-000000000000,AV,579.2162731545776,1430.236743526332,MIA
315966677.6003273,00000000-0000-0000-0000-000000003664,OTHERS,580.8869091336711,1388.4254467342678,MIA
315966677.6003273,00000000-0000-0000-0000-000000004543,OTHERS,593.2089862004964,1486.4786312275448,MIA
315966677.6003273,00000000-0000-0000-0000-000000004726,OTHERS,587.2948950194941,1389.490291717433,MIA
315966677.6003273,00000000-0000-0000-0000-000000004771,AGENT,586.5988066301063,1371.3941208905526,MIA
315966677.6003273,00000000-0000-0000-0000-000000004787,OTHERS,586.2379697688808,1384.835502051474,MIA
315966677.6003273,00000000-0000-0000-0000-000000004510,OTHERS,592.9250316076389,1495.1896434290088,MIA
315966677.6003273,00000000-0000-0000-0000-000000004774,OTHERS,586.2512728801274,1384.8206927167428,MIA
315966677.6003273,00000000-0000-0000-0000-000000003405,OTHERS,578.8129859379028,1415.8196715718009,MIA
315966677.6003273,00000000-0000-0000-0000-000000004784,OTHERS,583.6919468416003,1375.406302670266,MIA
315966677.7078839,00000000-0000-0000-0000-000000000000,AV,579.2094738918307,1430.0668140972214,MIA
315966677.7078839,00000000-0000-0000-0000-000000004510,OTHERS,592.9201609580925,1495.126636085205,MIA
315966677.7078839,00000000-0000-0000-0000-000000004543,OTHERS,593.2108498508808,1486.9019535308496,MIA
315966677.7078839,00000000-0000-0000-0000-000000004726,OTHERS,587.0169532793523,1388.4385722497766,MIA
315966677.7078839,00000000-0000-0000-0000-000000004771,AGENT,586.5128550799952,1371.7376471778146,MIA
315966677.7078839,00000000-0000-0000-0000-000000003664,OTHERS,580.8334714321197,1387.7578261097422,MIA
315966677.7078839,00000000-0000-0000-0000-000000004787,OTHERS,586.2379697688808,1384.835502051474,MIA
315966677.7078839,00000000-0000-0000-0000-000000003405,OTHERS,578.8120485967694,1415.5183031094516,MIA
315966677.7078839,00000000-0000-0000-0000-000000004784,OTHERS,583.3775760196472,1376.0269732844574,MIA
315966677.7078839,00000000-0000-0000-0000-000000004774,OTHERS,586.0065989433124,1383.3122185991697,MIA
315966677.8006769,00000000-0000-0000-0000-000000000000,AV,579.2024484371873,1429.9039091527009,MIA
315966677.8006769,00000000-0000-0000-0000-000000004510,OTHERS,592.9001703348995,1495.0974246326891,MIA
315966677.8006769,00000000-0000-0000-0000-000000004543,OTHERS,593.241640734247,1486.653393081605,MIA
315966677.8006769,00000000-0000-0000-0000-000000004726,OTHERS,587.2361627302807,1390.4791611363696,MIA
315966677.8006769,00000000-0000-0000-0000-000000004771,AGENT,586.6229435632156,1372.2407637591102,MIA
315966677.8006769,00000000-0000-0000-0000-000000004774,OTHERS,586.3248163658019,1386.0902971063915,MIA
315966677.8006769,00000000-0000-0000-0000-000000003664,OTHERS,580.8128047856018,1387.0916703326752,MIA
315966677.8006769,00000000-0000-0000-0000-000000004787,OTHERS,586.2379697688808,1384.835502051474,MIA
315966677.8006769,00000000-0000-0000-0000-000000003405,OTHERS,578.6492938102042,1415.5780085489673,MIA
315966677.8006769,00000000-0000-0000-0000-000000004784,OTHERS,583.3775760196472,1376.0269732844574,MIA
315966677.90011734,00000000-0000-0000-0000-000000000000,AV,579.1954284088954,1429.7279915421232,MIA
315966677.90011734,00000000-0000-0000-0000-000000004510,OTHERS,592.903445154727,1495.0674511131617,MIA
315966677.90011734,00000000-0000-0000-0000-000000004543,OTHERS,593.2497123841913,1486.4322902265396,MIA
315966677.90011734,00000000-0000-0000-0000-000000004726,OTHERS,587.033775381641,1389.370298356637,MIA
315966677.90011734,00000000-0000-0000-0000-000000003664,OTHERS,580.8209570720502,1386.4237108232212,MIA
315966677.90011734,00000000-0000-0000-0000-000000004771,AGENT,586.6565000731421,1372.8853020111758,MIA
315966677.90011734,00000000-0000-0000-0000-000000003405,OTHERS,578.6430174838093,1415.2409114580332,MIA
315966677.90011734,00000000-0000-0000-0000-000000004784,OTHERS,583.3775760196472,1376.0269732844574,MIA
315966677.90011734,00000000-0000-0000-0000-000000004774,OTHERS,585.9807747013285,1384.1442848549887,MIA
315966678.00470823,00000000-0000-0000-0000-000000000000,AV,579.185883261642,1429.514190417864,MIA
315966678.00470823,00000000-0000-0000-0000-000000004543,OTHERS,593.2135278873483,1486.5725989393545,MIA
315966678.00470823,00000000-0000-0000-0000-000000004726,OTHERS,587.0136590256627,1389.869097119055,MIA
315966678.00470823,00000000-0000-0000-0000-000000004771,AGENT,586.6106290076059,1373.8698628319846,MIA
315966678.00470823,00000000-0000-0000-0000-000000004774,OTHERS,585.9807747014394,1384.144284853473,MIA
315966678.00470823,00000000-0000-0000-0000-000000004510,OTHERS,592.837119508584,1495.1923769487905,MIA
315966678.00470823,00000000-0000-0000-0000-000000003405,OTHERS,578.6173785969178,1414.8355697702825,MIA
315966678.00470823,00000000-0000-0000-0000-000000004784,OTHERS,583.3775760196472,1376.0269732844574,MIA
315966678.00470823,00000000-0000-0000-0000-000000003664,OTHERS,580.7320354444132,1385.7133010241462,MIA
315966678.09056807,00000000-0000-0000-0000-000000000000,AV,579.1772044964082,1429.3307114983177,MIA
315966678.09056807,00000000-0000-0000-0000-000000003405,OTHERS,578.7710184133517,1414.08742139144,MIA
315966678.09056807,00000000-0000-0000-0000-000000004543,OTHERS,593.1858782869995,1486.4582874494736,MIA
315966678.09056807,00000000-0000-0000-0000-000000004726,OTHERS,587.0440814537533,1390.3846301814826,MIA
315966678.09056807,00000000-0000-0000-0000-000000004771,AGENT,586.6037226743534,1374.5821050036432,MIA
315966678.09056807,00000000-0000-0000-0000-000000004774,OTHERS,585.9917126312547,1385.225275072622,MIA
315966678.09056807,00000000-0000-0000-0000-000000004510,OTHERS,592.8078673399915,1495.234621084436,MIA
315966678.09056807,00000000-0000-0000-0000-000000003664,OTHERS,580.6860939909602,1385.011389184961,MIA
315966678.2039653,00000000-0000-0000-0000-000000000000,AV,579.1671787075915,1429.0952852441455,MIA
315966678.2039653,00000000-0000-0000-0000-000000004543,OTHERS,593.31335074963,1486.5139154631916,MIA
315966678.2039653,00000000-0000-0000-0000-000000004726,OTHERS,587.0836252967331,1390.9270265338528,MIA
315966678.2039653,00000000-0000-0000-0000-000000004771,AGENT,586.6865801090163,1375.210708344578,MIA
315966678.2039653,00000000-0000-0000-0000-000000004774,OTHERS,586.0269030043696,1385.7649982213752,MIA
315966678.2039653,00000000-0000-0000-0000-000000004510,OTHERS,592.9966682436044,1495.2203780829532,MIA
315966678.2039653,00000000-0000-0000-0000-000000003664,OTHERS,580.6818552793902,1384.2020564737647,MIA
315966678.2039653,00000000-0000-0000-0000-000000004791,OTHERS,579.3360046652086,1527.476121872253,MIA
315966678.2039653,00000000-0000-0000-0000-000000003405,OTHERS,578.6013379468178,1414.1947178495755,MIA
315966678.2039653,00000000-0000-0000-0000-000000004794,OTHERS,583.043594674264,1368.2162942819627,MIA
315966678.30996484,00000000-0000-0000-0000-000000000000,AV,579.1559291242501,1428.8408550081506,MIA
315966678.30996484,00000000-0000-0000-0000-000000004543,OTHERS,593.1865903636816,1486.5358176584866,MIA
315966678.30996484,00000000-0000-0000-0000-000000004726,OTHERS,587.085660586717,1391.612758994237,MIA
315966678.30996484,00000000-0000-0000-0000-000000004771,AGENT,586.9550422284957,1376.2892897661234,MIA
315966678.30996484,00000000-0000-0000-0000-000000004774,OTHERS,586.0615702767537,1386.3625792364585,MIA
315966678.30996484,00000000-0000-0000-0000-000000004510,OTHERS,592.8819653726407,1495.2074956801944,MIA
315966678.30996484,00000000-0000-0000-0000-000000003664,OTHERS,580.6274683349196,1383.57112379871,MIA
315966678.30996484,00000000-0000-0000-0000-000000004791,OTHERS,579.3360046647631,1527.476121870331,MIA
315966678.30996484,00000000-0000-0000-0000-000000003405,OTHERS,578.6048945477046,1413.701707553584,MIA
315966678.30996484,00000000-0000-0000-0000-000000004795,OTHERS,583.8528703942796,1379.0946097675967,MIA
315966678.30996484,00000000-0000-0000-0000-000000004794,OTHERS,583.043594674264,1368.2162942819627,MIA
315966678.41428024,00000000-0000-0000-0000-000000000000,AV,579.1450015895676,1428.5781106958555,MIA
315966678.41428024,00000000-0000-0000-0000-000000004543,OTHERS,593.210372491282,1486.4415369168448,MIA
315966678.41428024,00000000-0000-0000-0000-000000004726,OTHERS,587.1381562446662,1392.2996666382653,MIA
315966678.41428024,00000000-0000-0000-0000-000000004771,AGENT,586.8905353555208,1376.2011964937524,MIA
315966678.41428024,00000000-0000-0000-0000-000000004774,OTHERS,586.102187221191,1386.9288705444903,MIA
315966678.41428024,00000000-0000-0000-0000-000000004510,OTHERS,593.0923303514415,1495.2089151517264,MIA
315966678.41428024,00000000-0000-0000-0000-000000003664,OTHERS,580.6435442165282,1382.8038638544515,MIA
315966678.41428024,00000000-0000-0000-0000-000000004791,OTHERS,579.336004664317,1527.4761218684107,MIA
315966678.41428024,00000000-0000-0000-0000-000000003405,OTHERS,578.7315840574701,1412.9813131395974,MIA
315966678.41428024,00000000-0000-0000-0000-000000004795,OTHERS,583.7181111433716,1379.7100737493356,MIA
315966678.41428024,00000000-0000-0000-0000-000000004797,OTHERS,582.674003879528,1526.4613876362894,MIA
315966678.41428024,00000000-0000-0000-0000-000000004794,OTHERS,583.043594674264,1368.2162942819627,MIA
315966678.5155705,00000000-0000-0000-0000-000000000000,AV,579.1334871194061,1428.316665454515,MIA
315966678.5155705,00000000-0000-0000-0000-000000004510,OTHERS,593.0438870980113,1495.206343248244,MIA
315966678.5155705,00000000-0000-0000-0000-000000004543,OTHERS,593.1892334472734,1486.4319243590505,MIA
315966678.5155705,00000000-0000-0000-0000-000000004726,OTHERS,587.1419999551997,1392.920820190228,MIA
315966678.5155705,00000000-0000-0000-0000-000000004771,AGENT,587.0301823815705,1376.9237897607181,MIA
315966678.5155705,00000000-0000-0000-0000-000000004774,OTHERS,586.1324005467512,1387.5029778652859,MIA
315966678.5155705,00000000-0000-0000-0000-000000004797,OTHERS,582.6740038791968,1526.461387634163,MIA
315966678.5155705,00000000-0000-0000-0000-000000003405,OTHERS,578.7074418244329,1412.600609893851,MIA
315966678.5155705,00000000-0000-0000-0000-000000004795,OTHERS,583.5704128679843,1380.3631254271475,MIA
315966678.5155705,00000000-0000-0000-0000-000000003664,OTHERS,580.5579873993206,1381.9251269158124,MIA
315966678.5155705,00000000-0000-0000-0000-000000004791,OTHERS,579.3360046638718,1527.4761218664878,MIA
315966678.5155705,00000000-0000-0000-0000-000000004794,OTHERS,583.043594674264,1368.2162942819627,MIA
315966678.6152995,00000000-0000-0000-0000-000000000000,AV,579.1209045489095,1428.0457031555195,MIA
315966678.6152995,00000000-0000-0000-0000-000000003664,OTHERS,580.6075361163064,1381.3172079886533,MIA
315966678.6152995,00000000-0000-0000-0000-000000004510,OTHERS,593.0007745903023,1495.1762267972465,MIA
315966678.6152995,00000000-0000-0000-0000-000000004543,OTHERS,593.1791151182223,1486.4247590995133,MIA
315966678.6152995,00000000-0000-0000-0000-000000004726,OTHERS,587.1511933271416,1393.4900691424027,MIA
315966678.6152995,00000000-0000-0000-0000-000000003405,OTHERS,578.5562084648308,1412.6309602725034,MIA
315966678.6152995,00000000-0000-0000-0000-000000004795,OTHERS,583.6655849223027,1381.131638631594,MIA
315966678.6152995,00000000-0000-0000-0000-000000004798,OTHERS,583.3090119478284,1526.2400987302676,MIA
315966678.6152995,00000000-0000-0000-0000-000000004774,OTHERS,586.2085841013176,1388.0931486149814,MIA
315966678.6152995,00000000-0000-0000-0000-000000004797,OTHERS,582.6740038788672,1526.4613876320373,MIA
315966678.6152995,00000000-0000-0000-0000-000000004771,AGENT,587.0434138398208,1377.7049705933155,MIA
315966678.7091085,00000000-0000-0000-0000-000000000000,AV,579.108086415216,1427.7643187311205,MIA
315966678.7091085,00000000-0000-0000-0000-000000003664,OTHERS,580.4988950785649,1380.37128383776,MIA
315966678.7091085,00000000-0000-0000-0000-000000004510,OTHERS,592.8981368012404,1495.220265186687,MIA
315966678.7091085,00000000-0000-0000-0000-000000004543,OTHERS,593.1924259439754,1486.4596886331326,MIA
315966678.7091085,00000000-0000-0000-0000-000000004726,OTHERS,587.1910818394322,1394.1108908407834,MIA
315966678.7091085,00000000-0000-0000-0000-000000004797,OTHERS,582.6740038785365,1526.4613876299109,MIA
315966678.7091085,00000000-0000-0000-0000-000000004774,OTHERS,586.2316062932567,1388.8354397885605,MIA
315966678.7091085,00000000-0000-0000-0000-000000004771,AGENT,586.9898921640379,1378.4373016005395,MIA
315966678.7091085,00000000-0000-0000-0000-000000004798,OTHERS,584.2849204176953,1525.9000003960327,MIA
315966678.7091085,00000000-0000-0000-0000-000000003405,OTHERS,578.7052132316097,1411.7532869980932,MIA
315966678.7091085,00000000-0000-0000-0000-000000004795,OTHERS,584.0271536936507,1381.4762132367719,MIA
315966678.80568534,00000000-0000-0000-0000-000000000000,AV,579.0950506104098,1427.4668058139623,MIA
315966678.80568534,00000000-0000-0000-0000-000000003664,OTHERS,580.4818229551282,1379.5335917254322,MIA
315966678.80568534,00000000-0000-0000-0000-000000004510,OTHERS,592.8714942049579,1495.2346622538898,MIA
315966678.80568534,00000000-0000-0000-0000-000000004774,OTHERS,586.3454408305934,1389.4409725079615,MIA
315966678.80568534,00000000-0000-0000-0000-000000004771,AGENT,587.0681476360269,1378.9519110261667,MIA
315966678.80568534,00000000-0000-0000-0000-000000004543,OTHERS,593.2364108855253,1486.3435171034967,MIA
315966678.80568534,00000000-0000-0000-0000-000000004726,OTHERS,587.1980646044905,1394.773185996319,MIA
315966678.80568534,00000000-0000-0000-0000-000000004798,OTHERS,584.2849204169024,1525.9000003934686,MIA
315966678.80568534,00000000-0000-0000-0000-000000003405,OTHERS,578.7030491547039,1411.3294366923856,MIA
315966678.80568534,00000000-0000-0000-0000-000000004795,OTHERS,583.9108400289799,1382.3667594825324,MIA
315966678.9124783,00000000-0000-0000-0000-000000000000,AV,579.0806652598056,1427.1340277727588,MIA
315966678.9124783,00000000-0000-0000-0000-000000003664,OTHERS,580.441117500627,1378.8710977135672,MIA
315966678.9124783,00000000-0000-0000-0000-000000004510,OTHERS,592.8392160004482,1495.3398104834769,MIA
315966678.9124783,00000000-0000-0000-0000-000000004803,OTHERS,583.0831676634048,1372.2749964217098,MIA
315966678.9124783,00000000-0000-0000-0000-000000004774,OTHERS,586.3518337983685,1389.9838394829649,MIA
315966678.9124783,00000000-0000-0000-0000-000000003405,OTHERS,578.5156612935402,1411.3889426606245,MIA
315966678.9124783,00000000-0000-0000-0000-000000004795,OTHERS,584.0323633085969,1382.8996145758506,MIA
315966678.9124783,00000000-0000-0000-0000-000000004543,OTHERS,593.2760740337235,1486.4305029127167,MIA
315966678.9124783,00000000-0000-0000-0000-000000004726,OTHERS,587.2085796774193,1395.3746464826947,MIA
315966678.9124783,00000000-0000-0000-0000-000000004802,OTHERS,584.981565448758,1525.8006938183078,MIA
315966678.9124783,00000000-0000-0000-0000-000000004798,OTHERS,584.2849204161091,1525.9000003909036,MIA
315966678.9124783,00000000-0000-0000-0000-000000004771,AGENT,587.1093280596956,1379.5379382600115,MIA
315966679.01626563,00000000-0000-0000-0000-000000000000,AV,579.0648810465673,1426.7838683213586,MIA
315966679.01626563,00000000-0000-0000-0000-000000003664,OTHERS,580.3464539335872,1378.0705524648392,MIA
315966679.01626563,00000000-0000-0000-0000-000000004771,AGENT,587.0297421961375,1380.298852553808,MIA
315966679.01626563,00000000-0000-0000-0000-000000003405,OTHERS,578.4990633132994,1410.9765328680419,MIA
315966679.01626563,00000000-0000-0000-0000-000000004802,OTHERS,584.981565447843,1525.8006938154856,MIA
315966679.01626563,00000000-0000-0000-0000-000000004726,OTHERS,587.2066417151312,1395.926645878423,MIA
315966679.01626563,00000000-0000-0000-0000-000000004543,OTHERS,593.2608826514056,1486.3721645873502,MIA
315966679.01626563,00000000-0000-0000-0000-000000004798,OTHERS,584.2849204153172,1525.9000003883386,MIA
315966679.01626563,00000000-0000-0000-0000-000000004795,OTHERS,583.9269207394462,1383.549551835649,MIA
315966679.01626563,00000000-0000-0000-0000-000000004793,OTHERS,549.3207672840435,1389.4505301434338,MIA
315966679.01626563,00000000-0000-0000-0000-000000004774,OTHERS,586.4112253242849,1390.6837600385604,MIA
315966679.01626563,00000000-0000-0000-0000-000000004803,OTHERS,583.0831676634048,1372.2749964217098,MIA
315966679.01626563,00000000-0000-0000-0000-000000004510,OTHERS,592.9626888931112,1495.1953955078166,MIA
315966679.1133417,00000000-0000-0000-0000-000000000000,AV,579.0505630746422,1426.4547359600456,MIA
315966679.1133417,00000000-0000-0000-0000-000000003664,OTHERS,580.2880316257421,1377.2027819344642,MIA
315966679.1133417,00000000-0000-0000-0000-000000004510,OTHERS,593.0199659551789,1495.1709283884968,MIA
315966679.1133417,00000000-0000-0000-0000-000000004803,OTHERS,583.0831676634048,1372.2749964217098,MIA
315966679.1133417,00000000-0000-0000-0000-000000004771,AGENT,586.9605331209548,1381.3010538426404,MIA
315966679.1133417,00000000-0000-0000-0000-000000004774,OTHERS,586.4446979470941,1391.2560783228994,MIA
315966679.1133417,00000000-0000-0000-0000-000000003405,OTHERS,578.6439342175776,1410.015416028638,MIA
315966679.1133417,00000000-0000-0000-0000-000000004795,OTHERS,583.9494324752247,1384.137712058656,MIA
315966679.1133417,00000000-0000-0000-0000-000000004543,OTHERS,593.2799715207292,1486.3784901554109,MIA
315966679.1133417,00000000-0000-0000-0000-000000004726,OTHERS,587.2405615592686,1396.578920751253,MIA
315966679.1133417,00000000-0000-0000-0000-000000004802,OTHERS,584.9815654469284,1525.8006938126628,MIA
315966679.21489084,00000000-0000-0000-0000-000000000000,AV,579.0362679568769,1426.1178645753553,MIA
315966679.21489084,00000000-0000-0000-0000-000000003405,OTHERS,578.4683251604437,1409.9947234565839,MIA
315966679.21489084,00000000-0000-0000-0000-000000004802,OTHERS,584.9815654460123,1525.8006938098404,MIA
315966679.21489084,00000000-0000-0000-0000-000000004726,OTHERS,587.2290524382769,1397.2508767584657,MIA
315966679.21489084,00000000-0000-0000-0000-000000004543,OTHERS,593.2512786610838,1486.602938533325,MIA
315966679.21489084,00000000-0000-0000-0000-000000004795,OTHERS,583.8882638459498,1384.6979500908512,MIA
315966679.21489084,00000000-0000-0000-0000-000000004774,OTHERS,586.4380045324616,1391.8801576716626,MIA
315966679.21489084,00000000-0000-0000-0000-000000004771,AGENT,586.9746005358172,1381.7389887859565,MIA
315966679.21489084,00000000-0000-0000-0000-000000004803,OTHERS,583.0831676634048,1372.2749964217098,MIA
315966679.21489084,00000000-0000-0000-0000-000000004510,OTHERS,592.9489798178063,1495.2238077307488,MIA
315966679.21489084,00000000-0000-0000-0000-000000003664,OTHERS,580.2944042582027,1376.4480513654764,MIA
315966679.3106413,00000000-0000-0000-0000-000000000000,AV,579.0216172557323,1425.7719498115873,MIA
315966679.3106413,00000000-0000-0000-0000-000000003664,OTHERS,580.2741146260513,1375.5646588842596,MIA
315966679.3106413,00000000-0000-0000-0000-000000004510,OTHERS,592.9298721080664,1495.287254177121,MIA
315966679.3106413,00000000-0000-0000-0000-000000004543,OTHERS,593.2843836969264,1486.4562792740626,MIA
315966679.3106413,00000000-0000-0000-0000-000000004726,OTHERS,587.2462727792076,1397.8599354671662,MIA
315966679.3106413,00000000-0000-0000-0000-000000004771,AGENT,586.9513412231573,1382.5277830558675,MIA
315966679.3106413,00000000-0000-0000-0000-000000004774,OTHERS,586.287584550501,1392.5400891022935,MIA
315966679.3106413,00000000-0000-0000-0000-000000003405,OTHERS,578.4739854183039,1409.5914950432852,MIA
315966679.3106413,00000000-0000-0000-0000-000000004795,OTHERS,583.8923148606879,1385.42069088349,MIA
315966679.3106413,00000000-0000-0000-0000-000000004808,OTHERS,584.4458885134494,1382.83309986651,MIA
315966679.41978574,00000000-0000-0000-0000-000000000000,AV,579.0047984273508,1425.3776190441727,MIA
315966679.41978574,00000000-0000-0000-0000-000000003664,OTHERS,581.5459502715147,1374.9417926950268,MIA
315966679.41978574,00000000-0000-0000-0000-000000004510,OTHERS,592.9480113846438,1495.3347956641333,MIA
315966679.41978574,00000000-0000-0000-0000-000000004543,OTHERS,593.2444043447748,1486.4530230956714,MIA
315966679.41978574,00000000-0000-0000-0000-000000004726,OTHERS,587.2879782025078,1398.547476985141,MIA
315966679.41978574,00000000-0000-0000-0000-000000004771,AGENT,587.088332714969,1382.952891830619,MIA
315966679.41978574,00000000-0000-0000-0000-000000004774,OTHERS,586.415274941048,1393.3452352716108,MIA
315966679.41978574,00000000-0000-0000-0000-000000004793,OTHERS,549.4961234427951,1389.4869596992194,MIA
315966679.41978574,00000000-0000-0000-0000-000000004810,OTHERS,591.1927874457748,1523.8226337806452,MIA
315966679.41978574,00000000-0000-0000-0000-000000004807,OTHERS,583.0476892112554,1356.0715234635816,MIA
315966679.41978574,00000000-0000-0000-0000-000000004808,OTHERS,584.4116676066637,1383.4121081504861,MIA
315966679.41978574,00000000-0000-0000-0000-000000003405,OTHERS,578.4913440154429,1409.1039174379985,MIA
315966679.41978574,00000000-0000-0000-0000-000000004795,OTHERS,584.0168223741308,1386.3108735240094,MIA
315966679.5169155,00000000-0000-0000-0000-000000000000,AV,578.9893504490552,1425.012945016915,MIA
315966679.5169155,00000000-0000-0000-0000-000000003664,OTHERS,582.2067096599279,1374.4698147867284,MIA
315966679.5169155,00000000-0000-0000-0000-000000004510,OTHERS,592.9549029436653,1495.228194110365,MIA
315966679.5169155,00000000-0000-0000-0000-000000004543,OTHERS,593.2611956177117,1486.4695024064836,MIA
315966679.5169155,00000000-0000-0000-0000-000000004726,OTHERS,587.3214438367157,1399.1884157226568,MIA
315966679.5169155,00000000-0000-0000-0000-000000004771,AGENT,587.0107417185076,1383.5189815154902,MIA
315966679.5169155,00000000-0000-0000-0000-000000004774,OTHERS,586.4282430302916,1393.9300645882313,MIA
315966679.5169155,00000000-0000-0000-0000-000000004793,OTHERS,548.8494814696245,1389.3612687578782,MIA
315966679.5169155,00000000-0000-0000-0000-000000004810,OTHERS,591.522166865264,1523.724333156274,MIA
315966679.5169155,00000000-0000-0000-0000-000000004807,OTHERS,582.9321929770747,1357.1793863852515,MIA
315966679.5169155,00000000-0000-0000-0000-000000004808,OTHERS,584.2937801916228,1384.1037207627185,MIA
315966679.5169155,00000000-0000-0000-0000-000000003405,OTHERS,578.4264268919031,1408.6660018241873,MIA
315966679.5169155,00000000-0000-0000-0000-000000004795,OTHERS,584.0285967882891,1386.9734763901279,MIA
315966679.61981064,00000000-0000-0000-0000-000000000000,AV,578.9732414114807,1424.6375795780802,MIA
315966679.61981064,00000000-0000-0000-0000-000000003664,OTHERS,581.9836576556197,1373.6766421964014,MIA
315966679.61981064,00000000-0000-0000-0000-000000004510,OTHERS,592.9899053723015,1495.3094630810103,MIA
315966679.61981064,00000000-0000-0000-0000-000000004771,AGENT,587.1088567191317,1384.1917341263386,MIA
315966679.61981064,00000000-0000-0000-0000-000000004774,OTHERS,586.5470873204482,1394.7979694419494,MIA
315966679.61981064,00000000-0000-0000-0000-000000003405,OTHERS,578.43405352927,1408.2239502196328,MIA
315966679.61981064,00000000-0000-0000-0000-000000004795,OTHERS,584.0827046402293,1387.732228895221,MIA
315966679.61981064,00000000-0000-0000-0000-000000004810,OTHERS,591.6713781369547,1523.7242759044855,MIA
315966679.61981064,00000000-0000-0000-0000-000000004543,OTHERS,593.3024350208118,1486.432059550901,MIA
315966679.61981064,00000000-0000-0000-0000-000000004726,OTHERS,587.3073100139458,1399.8794780492221,MIA
315966679.61981064,00000000-0000-0000-0000-000000004793,OTHERS,548.6334538341639,1389.4910331840933,MIA
315966679.61981064,00000000-0000-0000-0000-000000004807,OTHERS,582.8438568728154,1358.1935563836328,MIA
315966679.61981064,00000000-0000-0000-0000-000000004808,OTHERS,584.2607614016895,1384.8875798584802,MIA
315966679.7198082,00000000-0000-0000-0000-000000000000,AV,578.9556744727514,1424.215778927398,MIA
315966679.7198082,00000000-0000-0000-0000-000000003664,OTHERS,580.2565517935062,1372.073762637015,MIA
315966679.7198082,00000000-0000-0000-0000-000000004510,OTHERS,592.9646887898315,1495.2814270940844,MIA
315966679.7198082,00000000-0000-0000-0000-000000004771,AGENT,587.1295058681596,1384.8414433319504,MIA
315966679.7198082,00000000-0000-0000-0000-000000004774,OTHERS,586.5486359971808,1395.3126555009906,MIA
315966679.7198082,00000000-0000-0000-0000-000000003405,OTHERS,578.4103505624009,1407.6917555514326,MIA
315966679.7198082,00000000-0000-0000-0000-000000004795,OTHERS,584.1161694486548,1388.2981759601887,MIA
315966679.7198082,00000000-0000-0000-0000-000000004810,OTHERS,592.1452727645003,1523.574433146406,MIA
315966679.7198082,00000000-0000-0000-0000-000000004543,OTHERS,593.1817050023265,1486.5971162886829,MIA
315966679.7198082,00000000-0000-0000-0000-000000004726,OTHERS,587.3980994050395,1400.5624316966705,MIA
315966679.7198082,00000000-0000-0000-0000-000000004793,OTHERS,548.6334538341639,1389.4910331840933,MIA
315966679.7198082,00000000-0000-0000-0000-000000004807,OTHERS,582.8224770061204,1359.2293694463326,MIA
315966679.7198082,00000000-0000-0000-0000-000000004808,OTHERS,584.3352931995939,1385.4211351163424,MIA
315966679.8256816,00000000-0000-0000-0000-000000000000,AV,578.9379981666599,1423.7831661332905,MIA
315966679.8256816,00000000-0000-0000-0000-000000003664,OTHERS,580.2613773497817,1371.1761588796564,MIA
315966679.8256816,00000000-0000-0000-0000-000000004510,OTHERS,592.9050599281233,1495.2345668827084,MIA
315966679.8256816,00000000-0000-0000-0000-000000004771,AGENT,587.0707100346697,1385.5771196241376,MIA
315966679.8256816,00000000-0000-0000-0000-000000004774,OTHERS,586.5918000065516,1396.0850520107986,MIA
315966679.8256816,00000000-0000-0000-0000-000000003405,OTHERS,578.4079390062634,1407.2648404491779,MIA
315966679.8256816,00000000-0000-0000-0000-000000004795,OTHERS,584.0982754567405,1388.7903618253565,MIA
315966679.8256816,00000000-0000-0000-0000-000000004810,OTHERS,592.7919439148194,1523.4632026546972,MIA
315966679.8256816,00000000-0000-0000-0000-000000004543,OTHERS,593.2610431115453,1486.4440811447116,MIA
315966679.8256816,00000000-0000-0000-0000-000000004726,OTHERS,587.3572438617665,1401.2206388231752,MIA
315966679.8256816,00000000-0000-0000-0000-000000004811,OTHERS,583.5510240620197,1376.267002101279,MIA
315966679.8256816,00000000-0000-0000-0000-000000004793,OTHERS,548.6334538341639,1389.4910331840933,MIA
315966679.8256816,00000000-0000-0000-0000-000000004807,OTHERS,582.8048148460579,1360.0966608809606,MIA
315966679.8256816,00000000-0000-0000-0000-000000004808,OTHERS,584.2996102083953,1386.3228708080774,MIA
315966679.9260732,00000000-0000-0000-0000-000000000000,AV,578.9210566919355,1423.3834991051842,MIA
315966679.9260732,00000000-0000-0000-0000-000000003405,OTHERS,578.5726438619148,1406.314769293933,MIA
315966679.9260732,00000000-0000-0000-0000-000000004810,OTHERS,592.9052081685962,1523.4752691352176,MIA
315966679.9260732,00000000-0000-0000-0000-000000004808,OTHERS,584.1494863582008,1387.407760374222,MIA
315966679.9260732,00000000-0000-0000-0000-000000004811,OTHERS,583.609680260981,1376.9548800547077,MIA
315966679.9260732,00000000-0000-0000-0000-000000004726,OTHERS,587.3385932851212,1401.7022580362182,MIA
315966679.9260732,00000000-0000-0000-0000-000000004807,OTHERS,582.7734470338593,1361.244719358552,MIA
315966679.9260732,00000000-0000-0000-0000-000000004543,OTHERS,593.1983304643703,1486.3706448865646,MIA
315966679.9260732,00000000-0000-0000-0000-000000004795,OTHERS,584.0923193226615,1389.3400322518203,MIA
315966679.9260732,00000000-0000-0000-0000-000000004774,OTHERS,586.5679475629228,1396.6098982701901,MIA
315966679.9260732,00000000-0000-0000-0000-000000004793,OTHERS,548.6334538341639,1389.4910331840933,MIA
315966679.9260732,00000000-0000-0000-0000-000000004771,AGENT,587.2119816248768,1386.081704786351,MIA
315966679.9260732,00000000-0000-0000-0000-000000004510,OTHERS,592.975806443289,1495.2436122251388,MIA
315966679.9260732,00000000-0000-0000-0000-000000003664,OTHERS,580.2172236783839,1370.2799060709915,MIA
315966680.0222507,00000000-0000-0000-0000-000000000000,AV,578.902303810798,1422.9737538743188,MIA
315966680.0222507,00000000-0000-0000-0000-000000003664,OTHERS,580.1607435014363,1369.3508734617078,MIA
315966680.0222507,00000000-0000-0000-0000-000000004510,OTHERS,592.8753406354588,1495.2175911234146,MIA
315966680.0222507,00000000-0000-0000-0000-000000004771,AGENT,587.2050426457513,1386.9511303155914,MIA
315966680.0222507,00000000-0000-0000-0000-000000004774,OTHERS,586.5732510372383,1397.1995277368185,MIA
315966680.0222507,00000000-0000-0000-0000-000000003405,OTHERS,578.5808845369827,1405.9060888231625,MIA
315966680.0222507,00000000-0000-0000-0000-000000004795,OTHERS,583.9167870018175,1389.7690988668487,MIA
315966680.0222507,00000000-0000-0000-0000-000000004543,OTHERS,593.2177663634062,1486.5175936939572,MIA
315966680.0222507,00000000-0000-0000-0000-000000004726,OTHERS,587.3731409266228,1402.3939878502918,MIA
315966680.0222507,00000000-0000-0000-0000-000000004811,OTHERS,583.6782354897306,1377.5291067345133,MIA
315966680.0222507,00000000-0000-0000-0000-000000004808,OTHERS,584.508175867249,1387.6058022227826,MIA
315966680.0222507,00000000-0000-0000-0000-000000004810,OTHERS,593.4665394448048,1523.2011936204956,MIA
315966680.0222507,00000000-0000-0000-0000-000000004807,OTHERS,583.0860974351633,1362.2446442921755,MIA
315966680.12540287,00000000-0000-0000-0000-000000000000,AV,578.8843064924603,1422.5578593351127,MIA
315966680.12540287,00000000-0000-0000-0000-000000003664,OTHERS,580.1029195787792,1368.4461589109774,MIA
315966680.12540287,00000000-0000-0000-0000-000000004510,OTHERS,592.9957471180686,1495.1674022653185,MIA
315966680.12540287,00000000-0000-0000-0000-000000004771,AGENT,587.1996190416767,1387.5033845576902,MIA
315966680.12540287,00000000-0000-0000-0000-000000004774,OTHERS,586.5143142458962,1397.8880111735086,MIA
315966680.12540287,00000000-0000-0000-0000-000000003405,OTHERS,578.3480075605626,1405.7369909762665,MIA
315966680.12540287,00000000-0000-0000-0000-000000004795,OTHERS,583.9771419011455,1391.0009459473542,MIA
315966680.12540287,00000000-0000-0000-0000-000000004543,OTHERS,593.3380924201946,1486.2473698336096,MIA
315966680.12540287,00000000-0000-0000-0000-000000004726,OTHERS,587.4371186847255,1403.125261352495,MIA
315966680.12540287,00000000-0000-0000-0000-000000004811,OTHERS,583.7361467442843,1378.200040363205,MIA
315966680.12540287,00000000-0000-0000-0000-000000004813,OTHERS,551.2901084438056,1389.3848725890266,MIA
315966680.12540287,00000000-0000-0000-0000-000000004808,OTHERS,584.1971534899485,1388.8501331012747,MIA
315966680.12540287,00000000-0000-0000-0000-000000004810,OTHERS,593.4665394446515,1523.201193616493,MIA
315966680.12540287,00000000-0000-0000-0000-000000004807,OTHERS,582.9953274591263,1363.3238636517,MIA
315966680.2214636,00000000-0000-0000-0000-000000000000,AV,578.8668490216618,1422.1303629653964,MIA
315966680.2214636,00000000-0000-0000-0000-000000003664,OTHERS,580.1360231222931,1367.5702668824374,MIA
315966680.2214636,00000000-0000-0000-0000-000000004510,OTHERS,592.7565044628334,1495.0899103580955,MIA
315966680.2214636,00000000-0000-0000-0000-000000004771,AGENT,587.2886938735562,1388.1303609167803,MIA
315966680.2214636,00000000-0000-0000-0000-000000004774,OTHERS,586.5143142458962,1397.8880111735086,MIA
315966680.2214636,00000000-0000-0000-0000-000000003405,OTHERS,578.5112379111472,1404.7938947992375,MIA
315966680.2214636,00000000-0000-0000-0000-000000004795,OTHERS,584.1842857061807,1390.7425083015705,MIA
315966680.2214636,00000000-0000-0000-0000-000000004543,OTHERS,593.2706430911717,1486.4274736866364,MIA
315966680.2214636,00000000-0000-0000-0000-000000004726,OTHERS,587.4434947023599,1403.8268928956318,MIA
315966680.2214636,00000000-0000-0000-0000-000000004811,OTHERS,583.7764862656916,1378.898970234909,MIA
315966680.2214636,00000000-0000-0000-0000-000000004808,OTHERS,584.1971534899485,1388.8501331012747,MIA
315966680.2214636,00000000-0000-0000-0000-000000004810,OTHERS,595.5770816544308,1522.8780914888375,MIA
315966680.2214636,00000000-0000-0000-0000-000000004807,OTHERS,583.144740600512,1364.3685622558846,MIA
315966680.2214636,00000000-0000-0000-0000-000000004813,OTHERS,550.059789916099,1389.4604063750016,MIA
315966680.32639605,00000000-0000-0000-0000-000000000000,AV,578.8459922213676,1421.653297645672,MIA
315966680.32639605,00000000-0000-0000-0000-000000003664,OTHERS,580.0975382209089,1366.6453790003068,MIA
315966680.32639605,00000000-0000-0000-0000-000000004510,OTHERS,592.8078878251605,1495.0994070035752,MIA
315966680.32639605,00000000-0000-0000-0000-000000004771,AGENT,587.2860375916009,1388.8605837219025,MIA
315966680.32639605,00000000-0000-0000-0000-000000003405,OTHERS,578.3554929563978,1404.6194708231203,MIA
315966680.32639605,00000000-0000-0000-0000-000000004795,OTHERS,584.0503150173097,1392.4140247921287,MIA
315966680.32639605,00000000-0000-0000-0000-000000004813,OTHERS,549.6965556110738,1389.4285071478964,MIA
315966680.32639605,00000000-0000-0000-0000-000000004808,OTHERS,584.2439890599411,1390.2733895879776,MIA
315966680.32639605,00000000-0000-0000-0000-000000004774,OTHERS,586.5143142458962,1397.8880111735086,MIA
315966680.32639605,00000000-0000-0000-0000-000000004543,OTHERS,593.1928904496226,1486.4154465186425,MIA
315966680.32639605,00000000-0000-0000-0000-000000004726,OTHERS,587.477793046398,1404.6810188177108,MIA
315966680.32639605,00000000-0000-0000-0000-000000004811,OTHERS,583.8173819436157,1379.571469534706,MIA
315966680.32639605,00000000-0000-0000-0000-000000004810,OTHERS,595.5770816547405,1522.8780914845936,MIA
315966680.32639605,00000000-0000-0000-0000-000000004807,OTHERS,583.1930953430183,1365.2108086645821,MIA
315966680.42805564,00000000-0000-0000-0000-000000000000,AV,578.825561243376,1421.2127030737256,MIA
315966680.42805564,00000000-0000-0000-0000-000000003405,OTHERS,578.2694424877467,1404.0860162532244,MIA
315966680.42805564,00000000-0000-0000-0000-000000004810,OTHERS,595.5770816550496,1522.8780914803492,MIA
315966680.42805564,00000000-0000-0000-0000-000000004811,OTHERS,583.7943077114139,1380.3198984878736,MIA
315966680.42805564,00000000-0000-0000-0000-000000004726,OTHERS,587.4982900886781,1405.2657764606406,MIA
315966680.42805564,00000000-0000-0000-0000-000000004807,OTHERS,583.2873772359496,1366.2965724832984,MIA
315966680.42805564,00000000-0000-0000-0000-000000004543,OTHERS,593.2375120280396,1486.5854681851672,MIA
315966680.42805564,00000000-0000-0000-0000-000000004813,OTHERS,548.9621238201818,1389.4788160763935,MIA
315966680.42805564,00000000-0000-0000-0000-000000004774,OTHERS,586.5143142458962,1397.8880111735086,MIA
315966680.42805564,00000000-0000-0000-0000-000000004808,OTHERS,584.0649350793122,1391.0934256909745,MIA
315966680.42805564,00000000-0000-0000-0000-000000004795,OTHERS,584.1725495924935,1393.401709347107,MIA
315966680.42805564,00000000-0000-0000-0000-000000004771,AGENT,587.2847459682009,1389.5149762540423,MIA
315966680.42805564,00000000-0000-0000-0000-000000004804,OTHERS,571.9117958942675,1377.8104510349838,MIA
315966680.42805564,00000000-0000-0000-0000-000000004510,OTHERS,592.9265662384353,1495.0384359998545,MIA
315966680.42805564,00000000-0000-0000-0000-000000003664,OTHERS,580.0036693186562,1365.7155541509285,MIA
315966680.52643883,00000000-0000-0000-0000-000000000000,AV,578.8034588090592,1420.7590048242935,MIA
315966680.52643883,00000000-0000-0000-0000-000000003405,OTHERS,578.2284174284649,1403.4043287708248,MIA
315966680.52643883,00000000-0000-0000-0000-000000004810,OTHERS,595.5770816553589,1522.8780914761053,MIA
315966680.52643883,00000000-0000-0000-0000-000000004811,OTHERS,583.8612136056109,1380.809188378064,MIA
315966680.52643883,00000000-0000-0000-0000-000000004726,OTHERS,587.5154375412287,1405.9356487624743,MIA
315966680.52643883,00000000-0000-0000-0000-000000004813,OTHERS,548.9621238201818,1389.4788160763935,MIA
315966680.52643883,00000000-0000-0000-0000-000000004543,OTHERS,593.2344895392597,1486.1676277727265,MIA
315966680.52643883,00000000-0000-0000-0000-000000004807,OTHERS,583.1611357590872,1367.0821571530198,MIA
315966680.52643883,00000000-0000-0000-0000-000000004808,OTHERS,584.1114131713888,1391.9144686082818,MIA
315966680.52643883,00000000-0000-0000-0000-000000004795,OTHERS,584.0926785646548,1394.2050153069292,MIA
315966680.52643883,00000000-0000-0000-0000-000000004771,AGENT,587.3720879501692,1390.2580836270502,MIA
315966680.52643883,00000000-0000-0000-0000-000000004804,OTHERS,571.6343345947878,1377.9948417636233,MIA
315966680.52643883,00000000-0000-0000-0000-000000004510,OTHERS,593.0387008871503,1495.1995087099506,MIA
315966680.52643883,00000000-0000-0000-0000-000000003664,OTHERS,579.9596182590648,1364.7739899630756,MIA
315966680.63416815,00000000-0000-0000-0000-000000000000,AV,578.7775433410047,1420.257363727299,MIA
315966680.63416815,00000000-0000-0000-0000-000000003405,OTHERS,578.2113792602937,1402.8177288121665,MIA
315966680.63416815,00000000-0000-0000-0000-000000004811,OTHERS,583.8908577528111,1381.5287044660126,MIA
315966680.63416815,00000000-0000-0000-0000-000000004726,OTHERS,587.557254926686,1406.6247045409666,MIA
315966680.63416815,00000000-0000-0000-0000-000000004813,OTHERS,548.9621238201818,1389.4788160763935,MIA
315966680.63416815,00000000-0000-0000-0000-000000004808,OTHERS,584.1413750227273,1392.455024783508,MIA
315966680.63416815,00000000-0000-0000-0000-000000004543,OTHERS,593.252521825158,1486.3563371682162,MIA
315966680.63416815,00000000-0000-0000-0000-000000004807,OTHERS,583.1845533682807,1368.256244793792,MIA
315966680.63416815,00000000-0000-0000-0000-000000004795,OTHERS,584.1966843707928,1394.723589613748,MIA
315966680.63416815,00000000-0000-0000-0000-000000004771,AGENT,587.375667204082,1390.9903258947595,MIA
315966680.63416815,00000000-0000-0000-0000-000000004804,OTHERS,571.6343345947878,1377.9948417636233,MIA
315966680.63416815,00000000-0000-0000-0000-000000004510,OTHERS,592.8562724991659,1495.2593861854666,MIA
315966680.63416815,00000000-0000-0000-0000-000000003664,OTHERS,579.8302229038147,1363.8360402885135,MIA
315966680.7353589,00000000-0000-0000-0000-000000000000,AV,578.7525094537273,1419.7414092138683,MIA
315966680.7353589,00000000-0000-0000-0000-000000003405,OTHERS,578.2011555135632,1402.1333289445706,MIA
315966680.7353589,00000000-0000-0000-0000-000000004811,OTHERS,583.8166199383669,1382.214501095599,MIA
315966680.7353589,00000000-0000-0000-0000-000000004726,OTHERS,587.577493674965,1407.27721113999,MIA
315966680.7353589,00000000-0000-0000-0000-000000004807,OTHERS,583.3269353518695,1369.1508200941132,MIA
315966680.7353589,00000000-0000-0000-0000-000000004543,OTHERS,593.2538877777288,1486.5085818059106,MIA
315966680.7353589,00000000-0000-0000-0000-000000004813,OTHERS,548.9621238201818,1389.4788160763935,MIA
315966680.7353589,00000000-0000-0000-0000-000000004808,OTHERS,584.1243983879313,1393.2365357526498,MIA
315966680.7353589,00000000-0000-0000-0000-000000004795,OTHERS,584.3530399837489,1395.5930248760599,MIA
315966680.7353589,00000000-0000-0000-0000-000000004771,AGENT,587.3672521141543,1391.6513760126354,MIA
315966680.7353589,00000000-0000-0000-0000-000000004804,OTHERS,571.7720645940278,1377.807456013995,MIA
315966680.7353589,00000000-0000-0000-0000-000000004510,OTHERS,592.9872819519612,1495.1550956164742,MIA
315966680.7353589,00000000-0000-0000-0000-000000003664,OTHERS,579.8544572262895,1362.8315467522518,MIA
315966680.83439785,00000000-0000-0000-0000-000000000000,AV,578.7301752632526,1419.265817622878,MIA
315966680.83439785,00000000-0000-0000-0000-000000003664,OTHERS,579.7154280694302,1362.0333796177486,MIA
315966680.83439785,00000000-0000-0000-0000-000000004510,OTHERS,592.7188995243307,1495.111802893338,MIA
315966680.83439785,00000000-0000-0000-0000-000000004771,AGENT,587.4367679713165,1392.3058854404376,MIA
315966680.83439785,00000000-0000-0000-0000-000000003405,OTHERS,578.2015809968169,1401.5877705923044,MIA
315966680.83439785,00000000-0000-0000-0000-000000004795,OTHERS,584.3822878631113,1395.1522145960867,MIA
315966680.83439785,00000000-0000-0000-0000-000000004804,OTHERS,571.7989987973557,1377.7965552424607,MIA
315966680.83439785,00000000-0000-0000-0000-000000004543,OTHERS,593.229987838101,1486.491422946232,MIA
315966680.83439785,00000000-0000-0000-0000-000000004726,OTHERS,587.6035138879188,1408.0212331533507,MIA
315966680.83439785,00000000-0000-0000-0000-000000004811,OTHERS,583.8252997344074,1382.870713895991,MIA
315966680.83439785,00000000-0000-0000-0000-000000004807,OTHERS,583.4379002612003,1370.2252204149554,MIA
315966680.83439785,00000000-0000-0000-0000-000000004817,OTHERS,551.1496092845879,1389.4958268919718,MIA
315966680.83439785,00000000-0000-0000-0000-000000004808,OTHERS,583.5916777104451,1392.9904937891959,MIA
315966680.9338459,00000000-0000-0000-0000-000000000000,AV,578.7059399493495,1418.7829134436768,MIA
315966680.9338459,00000000-0000-0000-0000-000000003664,OTHERS,579.6747809929942,1360.986287970754,MIA
315966680.9338459,00000000-0000-0000-0000-000000004510,OTHERS,592.7188995245998,1495.1118028885485,MIA
315966680.9338459,00000000-0000-0000-0000-000000004771,AGENT,587.4438413134111,1393.0670206373363,MIA
315966680.9338459,00000000-0000-0000-0000-000000003405,OTHERS,578.118126908502,1400.9595442962213,MIA
315966680.9338459,00000000-0000-0000-0000-000000004795,OTHERS,584.4091670029012,1395.9519291538074,MIA
315966680.9338459,00000000-0000-0000-0000-000000004804,OTHERS,571.7952452150003,1377.841506907985,MIA
315966680.9338459,00000000-0000-0000-0000-000000004543,OTHERS,593.2330811691546,1486.3883493029598,MIA
315966680.9338459,00000000-0000-0000-0000-000000004726,OTHERS,587.628780271333,1408.9293009567828,MIA
315966680.9338459,00000000-0000-0000-0000-000000004811,OTHERS,583.815910814328,1384.0078523729078,MIA
315966680.9338459,00000000-0000-0000-0000-000000004807,OTHERS,583.2797578218423,1370.8751852132066,MIA
315966680.9338459,00000000-0000-0000-0000-000000004817,OTHERS,550.4993285349957,1389.464411289324,MIA
315966680.9338459,00000000-0000-0000-0000-000000004808,OTHERS,583.6571511005516,1393.803773233407,MIA
315966681.03813154,00000000-0000-0000-0000-000000000000,AV,578.6786345713604,1418.240069114723,MIA
315966681.03813154,00000000-0000-0000-0000-000000003664,OTHERS,579.6087047886219,1359.9729769656324,MIA
315966681.03813154,00000000-0000-0000-0000-000000004771,AGENT,587.4577663801803,1393.9180942544033,MIA
315966681.03813154,00000000-0000-0000-0000-000000003405,OTHERS,578.092701608333,1400.4121570890582,MIA
315966681.03813154,00000000-0000-0000-0000-000000004795,OTHERS,584.4338476061423,1396.7476065012345,MIA
315966681.03813154,00000000-0000-0000-0000-000000004804,OTHERS,571.8325295969856,1377.811503235618,MIA
315966681.03813154,00000000-0000-0000-0000-000000004510,OTHERS,592.7188995248688,1495.1118028837582,MIA
315966681.03813154,00000000-0000-0000-0000-000000004807,OTHERS,583.4391304196965,1371.8738822730274,MIA
315966681.03813154,00000000-0000-0000-0000-000000004543,OTHERS,593.1142112350652,1486.6084688695817,MIA
315966681.03813154,00000000-0000-0000-0000-000000004726,OTHERS,587.6605717153839,1409.587323893163,MIA
315966681.03813154,00000000-0000-0000-0000-000000004811,OTHERS,583.7674219805108,1384.4232689774906,MIA
315966681.03813154,00000000-0000-0000-0000-000000004817,OTHERS,551.228047011557,1389.337127568308,MIA
315966681.03813154,00000000-0000-0000-0000-000000004808,OTHERS,583.7277445123487,1394.4269672119772,MIA
315966681.14143366,00000000-0000-0000-0000-000000000000,AV,578.6523751932285,1417.740072612505,MIA
315966681.14143366,00000000-0000-0000-0000-000000003405,OTHERS,578.1167614886134,1399.6112126379614,MIA
315966681.14143366,00000000-0000-0000-0000-000000004811,OTHERS,583.8228237108902,1385.1192937514206,MIA
315966681.14143366,00000000-0000-0000-0000-000000004726,OTHERS,587.7234570027301,1410.215498191905,MIA
315966681.14143366,00000000-0000-0000-0000-000000004817,OTHERS,550.0543569170181,1389.319610347566,MIA
315966681.14143366,00000000-0000-0000-0000-000000004808,OTHERS,583.7218937292532,1395.1962200507285,MIA
315966681.14143366,00000000-0000-0000-0000-000000004543,OTHERS,593.1559172880087,1486.3311012697236,MIA
315966681.14143366,00000000-0000-0000-0000-000000004807,OTHERS,583.3212913152975,1372.6498659196805,MIA
315966681.14143366,00000000-0000-0000-0000-000000004510,OTHERS,592.7742214190597,1495.0547166286171,MIA
315966681.14143366,00000000-0000-0000-0000-000000004804,OTHERS,571.8325295969856,1377.811503235618,MIA
315966681.14143366,00000000-0000-0000-0000-000000004795,OTHERS,584.4882304527305,1397.5149014566143,MIA
315966681.14143366,00000000-0000-0000-0000-000000004771,AGENT,587.4717598205477,1394.567548911035,MIA
315966681.14143366,00000000-0000-0000-0000-000000003664,OTHERS,579.3060863878842,1359.014868975137,MIA
315966681.2414996,00000000-0000-0000-0000-000000000000,AV,578.6224074730776,1417.1768678453257,MIA
315966681.2414996,00000000-0000-0000-0000-000000003405,OTHERS,578.0731278734336,1398.8731905203367,MIA
315966681.2414996,00000000-0000-0000-0000-000000004811,OTHERS,583.8642600642497,1385.8617966646302,MIA
315966681.2414996,00000000-0000-0000-0000-000000004726,OTHERS,587.7709264618779,1410.9000120387561,MIA
315966681.2414996,00000000-0000-0000-0000-000000004808,OTHERS,583.8061829960448,1396.02963241852,MIA
315966681.2414996,00000000-0000-0000-0000-000000004543,OTHERS,593.3667498782987,1486.1752480591153,MIA
315966681.2414996,00000000-0000-0000-0000-000000004807,OTHERS,583.5296563549796,1373.4149599667371,MIA
315966681.2414996,00000000-0000-0000-0000-000000004510,OTHERS,592.7086905296321,1495.1297547323968,MIA
315966681.2414996,00000000-0000-0000-0000-000000004804,OTHERS,571.8018538412564,1377.8570399274572,MIA
315966681.2414996,00000000-0000-0000-0000-000000004795,OTHERS,584.4687010416577,1398.1993913571314,MIA
315966681.2414996,00000000-0000-0000-0000-000000004771,AGENT,587.4894804538152,1395.2116193765287,MIA
315966681.2414996,00000000-0000-0000-0000-000000003664,OTHERS,579.3706927026384,1358.0745807703395,MIA
315966681.34586936,00000000-0000-0000-0000-000000000000,AV,578.5948687119592,1416.659360250789,MIA
315966681.34586936,00000000-0000-0000-0000-000000003664,OTHERS,579.2503579016056,1357.0821484029295,MIA
315966681.34586936,00000000-0000-0000-0000-000000004771,AGENT,587.5964965780526,1396.231505957546,MIA
315966681.34586936,00000000-0000-0000-0000-000000003405,OTHERS,577.964503879111,1398.344455191641,MIA
315966681.34586936,00000000-0000-0000-0000-000000004795,OTHERS,584.5195858251293,1399.0831559255826,MIA
315966681.34586936,00000000-0000-0000-0000-000000004818,OTHERS,584.7816703878448,1324.7677067032432,MIA
315966681.34586936,00000000-0000-0000-0000-000000004804,OTHERS,571.7647428777242,1377.8626381280887,MIA
315966681.34586936,00000000-0000-0000-0000-000000004510,OTHERS,592.7086905298103,1495.1297547273105,MIA
315966681.34586936,00000000-0000-0000-0000-000000004807,OTHERS,583.6005515180283,1374.3253935505118,MIA
315966681.34586936,00000000-0000-0000-0000-000000004543,OTHERS,593.1160095699832,1486.3578470194045,MIA
315966681.34586936,00000000-0000-0000-0000-000000004726,OTHERS,587.748883752156,1411.6292443202178,MIA
315966681.34586936,00000000-0000-0000-0000-000000004811,OTHERS,583.8933826476539,1386.6370935867858,MIA
315966681.34586936,00000000-0000-0000-0000-000000004808,OTHERS,584.0049697492767,1396.7785132522,MIA
315966681.4431572,00000000-0000-0000-0000-000000000000,AV,578.5665599049757,1416.122880533136,MIA
315966681.4431572,00000000-0000-0000-0000-000000003664,OTHERS,579.2435806912655,1356.105295805786,MIA
315966681.4431572,00000000-0000-0000-0000-000000004510,OTHERS,592.7086905299884,1495.1297547222225,MIA
315966681.4431572,00000000-0000-0000-0000-000000004771,AGENT,587.5913770286933,1396.630999453571,MIA
315966681.4431572,00000000-0000-0000-0000-000000003405,OTHERS,577.9437668180725,1397.6220082325594,MIA
315966681.4431572,00000000-0000-0000-0000-000000004795,OTHERS,584.5547407297554,1399.8247342750344,MIA
315966681.4431572,00000000-0000-0000-0000-000000004818,OTHERS,584.8196744653696,1325.0914682450282,MIA
315966681.4431572,00000000-0000-0000-0000-000000004543,OTHERS,593.2158833468185,1486.307723034242,MIA
315966681.4431572,00000000-0000-0000-0000-000000004726,OTHERS,587.789705659705,1412.1159834771715,MIA
315966681.4431572,00000000-0000-0000-0000-000000004811,OTHERS,583.8339775603391,1387.3727163556905,MIA
315966681.4431572,00000000-0000-0000-0000-000000004807,OTHERS,583.5105898739465,1375.1116115307223,MIA
315966681.4431572,00000000-0000-0000-0000-000000004808,OTHERS,583.8684411510981,1397.490433109113,MIA
315966681.4431572,00000000-0000-0000-0000-000000004804,OTHERS,571.7602752772484,1377.8469999958286,MIA
315966681.5481937,00000000-0000-0000-0000-000000000000,AV,578.5340378038495,1415.5282593963834,MIA
315966681.5481937,00000000-0000-0000-0000-000000003664,OTHERS,579.2067268719063,1355.1580580708433,MIA
315966681.5481937,00000000-0000-0000-0000-000000004510,OTHERS,592.7086905301658,1495.1297547171353,MIA
315966681.5481937,00000000-0000-0000-0000-000000003405,OTHERS,577.9608653118879,1396.8100771066247,MIA
315966681.5481937,00000000-0000-0000-0000-000000004795,OTHERS,584.6491753959591,1400.4270958918426,MIA
315966681.5481937,00000000-0000-0000-0000-000000004818,OTHERS,584.9552154923138,1325.3823583014107,MIA
315966681.5481937,00000000-0000-0000-0000-000000004804,OTHERS,571.7602752772484,1377.8469999958286,MIA
315966681.5481937,00000000-0000-0000-0000-000000004771,AGENT,587.6755182159643,1397.334306519932,MIA
315966681.5481937,00000000-0000-0000-0000-000000004543,OTHERS,593.2740469530048,1486.2606030953118,MIA
315966681.5481937,00000000-0000-0000-0000-000000004726,OTHERS,587.8027661187142,1413.1826513343976,MIA
315966681.5481937,00000000-0000-0000-0000-000000004811,OTHERS,583.8892874676658,1388.21036545918,MIA
315966681.5481937,00000000-0000-0000-0000-000000004807,OTHERS,583.5003401149886,1375.8634484777078,MIA
315966681.5481937,00000000-0000-0000-0000-000000004808,OTHERS,583.9077062439974,1398.2521230594205,MIA
315966681.64593583,00000000-0000-0000-0000-000000000000,AV,578.5034706741199,1414.9735930089173,MIA
315966681.64593583,00000000-0000-0000-0000-000000003664,OTHERS,579.1359716378422,1354.1950483828125,MIA
315966681.64593583,00000000-0000-0000-0000-000000003405,OTHERS,577.715463712953,1395.6504771885113,MIA
315966681.64593583,00000000-0000-0000-0000-000000004795,OTHERS,584.6668002680441,1401.2430258812753,MIA
315966681.64593583,00000000-0000-0000-0000-000000004818,OTHERS,584.8239653791495,1325.8150907882437,MIA
315966681.64593583,00000000-0000-0000-0000-000000004804,OTHERS,571.7937436872896,1377.8424490210325,MIA
315966681.64593583,00000000-0000-0000-0000-000000004771,AGENT,587.7218884924769,1398.135093538512,MIA
315966681.64593583,00000000-0000-0000-0000-000000004543,OTHERS,593.1960439067511,1486.6121716426721,MIA
315966681.64593583,00000000-0000-0000-0000-000000004726,OTHERS,587.7902949256655,1414.3911881281326,MIA
315966681.64593583,00000000-0000-0000-0000-000000004811,OTHERS,583.8970444050043,1388.9146819710181,MIA
315966681.64593583,00000000-0000-0000-0000-000000004807,OTHERS,583.5540745995607,1376.5320803354584,MIA
315966681.64593583,00000000-0000-0000-0000-000000004808,OTHERS,583.9981812698093,1398.976814630291,MIA
315966681.75295514,00000000-0000-0000-0000-000000000000,AV,578.4697696272834,1414.348898690148,MIA
315966681.75295514,00000000-0000-0000-0000-000000003405,OTHERS,577.8820089663776,1395.3286161992085,MIA
315966681.75295514,00000000-0000-0000-0000-000000004808,OTHERS,583.9835246820672,1399.7580250026522,MIA
315966681.75295514,00000000-0000-0000-0000-000000004771,AGENT,587.8076192123823,1398.8591152650213,MIA
315966681.75295514,00000000-0000-0000-0000-000000004811,OTHERS,583.8673953893401,1389.8016387971702,MIA
315966681.75295514,00000000-0000-0000-0000-000000004726,OTHERS,587.8886958177784,1415.1923231737117,MIA
315966681.75295514,00000000-0000-0000-0000-000000004804,OTHERS,571.737574375829,1377.879005941883,MIA
315966681.75295514,00000000-0000-0000-0000-000000004543,OTHERS,593.2196663976338,1486.3342144301953,MIA
315966681.75295514,00000000-0000-0000-0000-000000004807,OTHERS,583.6227959509874,1377.5338755194052,MIA
315966681.75295514,00000000-0000-0000-0000-000000004818,OTHERS,584.7112456857004,1326.2210522575965,MIA
315966681.75295514,00000000-0000-0000-0000-000000004795,OTHERS,584.6721921422177,1402.0047290710534,MIA
315966681.75295514,00000000-0000-0000-0000-000000003664,OTHERS,578.9765070481773,1353.199607961785,MIA
315966681.85912746,00000000-0000-0000-0000-000000000000,AV,578.4347976559246,1413.7107386181358,MIA
315966681.85912746,00000000-0000-0000-0000-000000003405,OTHERS,577.8149523166771,1394.6478070204882,MIA
315966681.85912746,00000000-0000-0000-0000-000000003664,OTHERS,578.9427150729286,1352.2239629598707,MIA
315966681.85912746,00000000-0000-0000-0000-000000004771,AGENT,587.857368464528,1399.5173647255367,MIA
315966681.85912746,00000000-0000-0000-0000-000000004811,OTHERS,583.8960943040869,1390.5767249997891,MIA
315966681.85912746,00000000-0000-0000-0000-000000004726,OTHERS,587.8113964463403,1415.7560109716555,MIA
315966681.85912746,00000000-0000-0000-0000-000000004804,OTHERS,571.7357881105937,1377.8048203116018,MIA
315966681.85912746,00000000-0000-0000-0000-000000004808,OTHERS,584.2757377950634,1400.6332366439249,MIA
315966681.85912746,00000000-0000-0000-0000-000000004543,OTHERS,593.4359511361304,1486.210150268256,MIA
315966681.85912746,00000000-0000-0000-0000-000000004807,OTHERS,583.5656758464928,1378.0738482163363,MIA
315966681.85912746,00000000-0000-0000-0000-000000004818,OTHERS,584.8997130402635,1326.525158029076,MIA
315966681.85912746,00000000-0000-0000-0000-000000004795,OTHERS,584.723462226332,1402.62387126499,MIA
315966681.9588824,00000000-0000-0000-0000-000000000000,AV,578.4027793541146,1413.1160439017035,MIA
315966681.9588824,00000000-0000-0000-0000-000000003405,OTHERS,577.7466564000288,1393.9179760952038,MIA
315966681.9588824,00000000-0000-0000-0000-000000003664,OTHERS,578.9077631091146,1351.1891208070003,MIA
315966681.9588824,00000000-0000-0000-0000-000000004771,AGENT,587.8167330936902,1400.2208184537194,MIA
315966681.9588824,00000000-0000-0000-0000-000000004811,OTHERS,583.9491599999674,1391.007239947211,MIA
315966681.9588824,00000000-0000-0000-0000-000000004726,OTHERS,587.5143838580332,1415.6564959812604,MIA
315966681.9588824,00000000-0000-0000-0000-000000004804,OTHERS,571.7406203374827,1377.8065187915204,MIA
315966681.9588824,00000000-0000-0000-0000-000000004808,OTHERS,584.2208832595293,1401.4295049508844,MIA
315966681.9588824,00000000-0000-0000-0000-000000004543,OTHERS,593.3297842771045,1486.2465693863244,MIA
315966681.9588824,00000000-0000-0000-0000-000000004807,OTHERS,583.5888047695754,1379.0088814214682,MIA
315966681.9588824,00000000-0000-0000-0000-000000004818,OTHERS,584.7824718498283,1327.0032150116785,MIA
315966681.9588824,00000000-0000-0000-0000-000000004795,OTHERS,584.7234928871379,1403.389444283182,MIA
315966682.06437683,00000000-0000-0000-0000-000000000000,AV,578.3670367929318,1412.4549821823443,MIA
315966682.06437683,00000000-0000-0000-0000-000000003405,OTHERS,577.722634452636,1393.3264884118814,MIA
315966682.06437683,00000000-0000-0000-0000-000000004771,AGENT,588.0442289898841,1401.5422463701498,MIA
315966682.06437683,00000000-0000-0000-0000-000000004543,OTHERS,593.1693293724693,1486.4978649877976,MIA
315966682.06437683,00000000-0000-0000-0000-000000004807,OTHERS,583.6167512762856,1379.676003957777,MIA
315966682.06437683,00000000-0000-0000-0000-000000004804,OTHERS,571.7406203374827,1377.8065187915204,MIA
315966682.06437683,00000000-0000-0000-0000-000000003664,OTHERS,578.905878414197,1350.2705121703266,MIA
315966682.06437683,00000000-0000-0000-0000-000000004726,OTHERS,587.5678976405877,1416.5249918416555,MIA
315966682.06437683,00000000-0000-0000-0000-000000004811,OTHERS,583.9645856648733,1391.7935388130938,MIA
315966682.06437683,00000000-0000-0000-0000-000000004808,OTHERS,584.3473298681907,1402.109999290931,MIA
315966682.06437683,00000000-0000-0000-0000-000000004818,OTHERS,584.8650318428115,1327.4077092353712,MIA
315966682.06437683,00000000-0000-0000-0000-000000004795,OTHERS,584.7485702206147,1404.002497891133,MIA
315966682.17117214,00000000-0000-0000-0000-000000000000,AV,578.3305799539586,1411.7766458769422,MIA
315966682.17117214,00000000-0000-0000-0000-000000003405,OTHERS,577.6695495841806,1392.6197369196716,MIA
315966682.17117214,00000000-0000-0000-0000-000000004543,OTHERS,593.197900504322,1486.4634520956486,MIA
315966682.17117214,00000000-0000-0000-0000-000000004807,OTHERS,583.8314860060544,1379.8435527995844,MIA
315966682.17117214,00000000-0000-0000-0000-000000004804,OTHERS,571.6972457398475,1377.860696041655,MIA
315966682.17117214,00000000-0000-0000-0000-000000003664,OTHERS,578.9058784139121,1350.2705121644647,MIA
315966682.17117214,00000000-0000-0000-0000-000000004771,AGENT,587.8666091859998,1401.7637591459822,MIA
315966682.17117214,00000000-0000-0000-0000-000000004830,OTHERS,585.7759681617706,1345.0316340762402,MIA
315966682.17117214,00000000-0000-0000-0000-000000004808,OTHERS,584.433960431291,1402.9009274760365,MIA
315966682.17117214,00000000-0000-0000-0000-000000004726,OTHERS,587.8711795473632,1416.8418978673099,MIA
315966682.17117214,00000000-0000-0000-0000-000000004811,OTHERS,583.9743677416474,1392.6487470650875,MIA
315966682.17117214,00000000-0000-0000-0000-000000004818,OTHERS,584.9761695546042,1327.8011553157526,MIA
315966682.17117214,00000000-0000-0000-0000-000000004795,OTHERS,584.8165728502217,1404.6111001123707,MIA
315966682.27577305,00000000-0000-0000-0000-000000000000,AV,578.2947829974403,1411.0841857883627,MIA
315966682.27577305,00000000-0000-0000-0000-000000003405,OTHERS,577.6482310909778,1391.8635920428385,MIA
315966682.27577305,00000000-0000-0000-0000-000000004543,OTHERS,593.2048797253273,1486.4037090094039,MIA
315966682.27577305,00000000-0000-0000-0000-000000004807,OTHERS,583.7954557376461,1380.5750432017785,MIA
315966682.27577305,00000000-0000-0000-0000-000000003664,OTHERS,578.7457786223429,1348.2218095137248,MIA
315966682.27577305,00000000-0000-0000-0000-000000004771,AGENT,587.9097456753049,1402.799979410753,MIA
315966682.27577305,00000000-0000-0000-0000-000000004830,OTHERS,585.4365520799781,1345.498447635368,MIA
315966682.27577305,00000000-0000-0000-0000-000000004811,OTHERS,584.0019010266043,1393.3848151847699,MIA
315966682.27577305,00000000-0000-0000-0000-000000004726,OTHERS,587.9954968719752,1417.4410300981424,MIA
315966682.27577305,00000000-0000-0000-0000-000000004808,OTHERS,584.5762645128531,1403.428845923349,MIA
315966682.27577305,00000000-0000-0000-0000-000000004829,OTHERS,589.326618030129,1413.7943919956326,MIA
315966682.27577305,00000000-0000-0000-0000-000000004804,OTHERS,571.6972457398475,1377.860696041655,MIA
315966682.27577305,00000000-0000-0000-0000-000000004818,OTHERS,584.9795299960845,1328.1574546431145,MIA
315966682.27577305,00000000-0000-0000-0000-000000004795,OTHERS,584.8053662977337,1405.2651984483434,MIA
315966682.3793736,00000000-0000-0000-0000-000000000000,AV,578.2624135732555,1410.4455846026278,MIA
315966682.3793736,00000000-0000-0000-0000-000000003405,OTHERS,577.6454906841163,1391.0696090578067,MIA
315966682.3793736,00000000-0000-0000-0000-000000003664,OTHERS,578.7457786220548,1348.2218095076287,MIA
315966682.3793736,00000000-0000-0000-0000-000000004771,AGENT,587.9097456749837,1402.7999794046625,MIA
315966682.3793736,00000000-0000-0000-0000-000000004830,OTHERS,585.5344103141426,1346.1461837447832,MIA
315966682.3793736,00000000-0000-0000-0000-000000004726,OTHERS,588.2332742142429,1419.0443493599914,MIA
315966682.3793736,00000000-0000-0000-0000-000000004811,OTHERS,584.0052901698982,1394.3433083704733,MIA
315966682.3793736,00000000-0000-0000-0000-000000004804,OTHERS,571.8035895435853,1377.8779906989193,MIA
315966682.3793736,00000000-0000-0000-0000-000000004829,OTHERS,589.3266180298011,1413.7943919895426,MIA
315966682.3793736,00000000-0000-0000-0000-000000004543,OTHERS,593.137121241611,1486.4337940878968,MIA
315966682.3793736,00000000-0000-0000-0000-000000004807,OTHERS,583.7233656449838,1381.4053110087243,MIA
315966682.3793736,00000000-0000-0000-0000-000000004808,OTHERS,584.6194401107725,1404.0473757629227,MIA
315966682.3793736,00000000-0000-0000-0000-000000004818,OTHERS,584.9357408434728,1328.613289587829,MIA
315966682.3793736,00000000-0000-0000-0000-000000004795,OTHERS,584.8444898084374,1405.8209767492867,MIA
315966682.4918201,00000000-0000-0000-0000-000000000000,AV,578.224724853936,1409.6663301858614,MIA
315966682.4918201,00000000-0000-0000-0000-000000003405,OTHERS,577.6877081197017,1390.4214690283745,MIA
315966682.4918201,00000000-0000-0000-0000-000000003664,OTHERS,578.7457786217662,1348.221809501533,MIA
315966682.4918201,00000000-0000-0000-0000-000000004771,AGENT,587.2120831809874,1402.2798689464057,MIA
315966682.4918201,00000000-0000-0000-0000-000000004830,OTHERS,585.619297165075,1346.9293837565795,MIA
315966682.4918201,00000000-0000-0000-0000-000000004832,OTHERS,586.7625587278869,1379.934837928481,MIA
315966682.4918201,00000000-0000-0000-0000-000000004726,OTHERS,588.2686004907126,1419.961975224266,MIA
315966682.4918201,00000000-0000-0000-0000-000000004811,OTHERS,584.0461613456002,1394.8626532182075,MIA
315966682.4918201,00000000-0000-0000-0000-000000004804,OTHERS,571.8140497400918,1377.888780145033,MIA
315966682.4918201,00000000-0000-0000-0000-000000004829,OTHERS,589.3266180294729,1413.7943919834534,MIA
315966682.4918201,00000000-0000-0000-0000-000000004543,OTHERS,593.1406243884868,1486.4231712275855,MIA
315966682.4918201,00000000-0000-0000-0000-000000004807,OTHERS,583.8653648103699,1382.0220830238352,MIA
315966682.4918201,00000000-0000-0000-0000-000000004808,OTHERS,584.6194401104888,1404.0473757566951,MIA
315966682.4918201,00000000-0000-0000-0000-000000004818,OTHERS,585.1842448754993,1329.0293030789646,MIA
315966682.4918201,00000000-0000-0000-0000-000000004795,OTHERS,584.8268995965108,1405.9510113171225,MIA
